{
    "id": "billing",
    "name": "Billing",
    "author": "Boy132",
    "version": "1.0.0",
    "description": "A simple billing plugin which allows users to purchase servers.",
    "category": "plugin",
    "url": "https://github.com/pelican-dev/plugins/tree/main/billing",
    "update_url": null,
    "namespace": "Boy132\\Billing",
    "class": "BillingPlugin",
    "panels": null,
    "panel_version": null,
    "composer_packages": {
        "stripe/stripe-php": "^18.0"
    }
}